address,trx_count
0xdac17f958d2ee523a2206206994597c13d831ec7,158155688
0x7a250d5630b4cf539739df2c5dacb4c659f2488d,59888801
0xa0b86991c6218b36c1d19d4a2e9eb0ce3606eb48,30437506
0xa090e606e30bd747d4e6245a1517ebe430f0057e,25712018
0x68b3465833fb72a70ecdf485e0e4c7bd8665fc45,17302286
0x7be8076f4ea4a4ad08075c2508e481d6c946d12b,16969829
0x00000000006c3852cbef3e08e8df289169ede581,13116203
0xc02aaa39b223fe8d0a0e5c4f27ead9083c756cc2,12932174
0x8d12a197cb00d4747a1fe03395095ce2a5cc6819,11545557
0x2a0c0dbecc7e4d658f48e01e3fa353f44050c208,9788688
0x3f5ce5fbfe3e9af3971dd833d26ba9b5c936f0be,9283021
0x174bfa6600bf90c885c7c01c7031389ed1461ab9,9088373
0x7f268357a8c2552623316e2562d90e642bb538e5,8702715
0x881d40237659c251811cec9c364ef91dc08d300c,7053002
0x95ad61b0a150d79219dcf64e1e6cc01f0b64c4ce,6792154
0x514910771af9ca656af840dff83e8264ecf986ca,6618161
0x28c6c06298d514db089934071355e5743bf21d60,6258187
0xe592427a0aece92de3edee1f18e0157c05861564,5701273
0x6b175474e89094c44da98b954eedeac495271d0f,5289266
0x06012c8cf97bead5deae237070f9587f8e7a266d,4951645
0x283af0b28c62c092c9727f1ee09c02ca627eb7f5,4845240
0xd1ceeeeee83f8bcf3bedad437202b6154e9f5405,4345169
0x7d1afa7b718fb893db30a3abc0cfc608aacfebb0,4247460
0xd9e1ce17f2641f24ae83637ab66a2cca9c378b9f,4216429
0xa57bd00134b2850b2a1c55860c9e9ea100fdd6cf,3671096
0x5acc84a3e955bdd76467d3348077d003f00ffb97,3635366
0xef1c6e67703c7bd7107eed8303fbe6ec2554bf6b,3379158
0x06450dee7fd2fb8e39061434babcfc05599a6fb8,3233742
0x1a2a1c938ce3ec39b6d47113c7955baa9dd454f2,3090734
0x0b95993a39a363d99280ac950f5e4536ab5c5566,3074515
0x0d8775f648430679a709e98d2b0cb6250d2887ef,3056295
0x86fa049857e0209aa7d9e616f7eb3b3b78ecfdb0,2970941
0xd26114cd6ee289accf82350c8d8487fedb8a0c07,2798511
0x1111111254fb6c44bac0bed2854e76f90643097d,2758126
0xfa52274dd61e1643d2205169732f29114bc240b3,2744592
0xa0c68c638235ee32657e8f720a23cec1bfc77c77,2623512
0xfbddadd80fe7bda00b901fbaf73803f2238ae655,2516858
0x0000000000007f150bd6f54c40a34d7c3d5e9f56,2336384
0x8a91c9a16cd62693649d80afa85a09dbbdcb8508,2329655
0x1f9840a85d5af5bf1d1762f925bdaddc4201f984,2239614
0x8fdcc30eda7e94f1c12ce0280df6cd531e8365c5,2229777
0x9b9647431632af44be02ddd22477ed94d14aacaa,2227476
0x860bd2dba9cd475a61e6d1b45e16c365f6d78f66,2178136
0xf230b790e05390fc8295f4d3f60332c93bed42e2,2093358
0xf5bec430576ff1b82e44ddb5a1c93f6f9d0884f3,2059626
0xdef1c0ded9bec7f1a1670819833240f027b25eff,2056358
0x2b591e99afe9f32eaa6214f7b7629768c40eeb39,2003231
0x70faa28a6b8d6829a4b1e649d26ec9a2a39ba413,1990592
0x0f5d2fb29fb7d3cfee444a200298f468908cc942,1939283
0x5f65f7b609678448494de4c87521cdf6cef1e932,1930679
0x11111112542d85b3ef69ae05771c2dccff4faa26,1928627
0x8e870d67f660d95d5be530380d0ec0bd388289e1,1847071
0xe41d2489571d322189246dafa5ebde1f4699f498,1830707
0x209c4784ab1e8183cf58ca33cb740efbf3fc18ef,1814557
0xb64ef51c888972c908cfacf59b47c1afbc0ab8ac,1791159
0xd7b9a9b2f665849c4071ad5af77d8c76aa30fb32,1738592
0xa5409ec958c83c3f309868babaca7c86dcb077c1,1736918
0xe66b31678d6c16e9ebf358268a790b763c133750,1713200
0x6dfc34609a05bc22319fa4cce1d1e2929548c0d7,1712812
0xa9d1e08c7793af67e9d92fe308d5697fb81d3e43,1703583
0xe94b04a0fed112f3664e45adb2b8915693dd5ff3,1653545
0xf8a4d3a0b5859a24cd1320ba014ab17f623612e2,1623986
0x0d0707963952f2fba59dd06f2b425ace40b492fe,1600651
0x1522900b6dafac587d499a862861c0869be6e428,1588450
0xa3c1e324ca1ce40db73ed6026c4a177f099b5770,1586443
0x8e766f57f7d16ca50b4a0b90b88f6468a09b0439,1564476
0x6090a6e47849629b7245dfa1ca21d94cd15878ef,1561289
0xf629cbd94d3791c9250152bd8dfbdf380e2a3b9c,1538981
0x15d4c048f83bd7e37d49ea4c83a07267ec4203da,1499584
0x60d0cc2ae15859f69bf74dadb8ae3bd58434976b,1479089
0xa15c7ebe1f07caf6bff097d8a589fb8ac49ae5b3,1472017
0x4fabb145d64652a948d72533023f6e7a623c7c53,1466934
0x03df4c372a29376d2c8df33a1b5f001cd8d68b0e,1452767
0xa0b73e1ff0b80914ab6fe0444e65848c4c34450b,1444275
0x9e9801bace260f58407c15e6e515c45918756e0f,1442493
0x000000000000006f6502b7f2bbac8c30a3f67e9a,1438193
0xcad621da75a66c7a8f4ff86d30a2bf981bfc8fdd,1410146
0xa24787320ede4cc19d800bf87b41ab9539c4da9d,1377205
0x0e50e6d6bb434938d8fe670a2d7a14cd128eb50f,1373486
0x98ad263a95f1ab1abff41f4d44b07c3240251a0a,1354208
0x98c3d3183c4b8a650614ad179a1a98be0a8d6b8e,1342131
0x21ab6c9fac80c59d401b37cb43f81ea9dde7fe34,1332393
0x3506424f91fd33084466f402d5d97f05f8e3b4af,1315197
0x03f7724180aa6b939894b5ca4314783b0b36b329,1311827
0xf0d9fcb4fefdbd3e7929374b4632f8ad511bd7e3,1246864
0x78a55b9b3bbeffb36a43d9905f654d2769dc55e8,1243275
0x32be343b94f860124dc4fee278fdcbd38c102d88,1239395
0x0000000000085d4780b73119b644ae5ecd22b376,1228870
0x4fed1fc4144c223ae3c1553be203cdfcbd38c581,1220962
0xcc8fa225d80b9c7d42f96e9570156c65d6caaa25,1202175
0xc36442b4a4522e871399cd717abdd847ab11fe88,1195987
0xb1690c08e213a35ed9bab7b318de14420fb57d8c,1194343
0xbcf935d206ca32929e1b887a07ed240f0d8ccd22,1193144
0xcadb96858fe496bb6309622f9023ba2defb5d540,1175178
0x6262998ced04146fa42253a5c0af90ca02dfd2a3,1174478
0x000000000000ad05ccc4f10045630fb830b95127,1170414
0x68e54af74b22acaccffa04ccaad13be16ed14eac,1169663
0xc098b2a3aa256d2140208c3de6543aaef5cd3a94,1166459
0x912656188616e0184e3181f019022990a63280b1,1156722
0x4ad64983349c49defe8d7a4686202d24b25d0ce8,1140092
0x495f947276749ce646f68ac8c248420045cb7b5e,1137748
0xc011a73ee8576fb46f5e1c5751ca3b9fe0af2a6f,1128254
0xabea9132b05a70803a4e85094fd0e1800777fbef,1076966
0xcda72070e455bb31c7690a170224ce43623d0b6f,1072824
0xc00e94cb662c3520282e6f5717214004a7f26888,1069296
0x7fc66500c84a76ad7e9c93437bfc5ac33e2ddae9,1064176
0x3845badade8e6dff049820680d1f14bd3903a5d0,1060370
0x39755357759ce0d7f32dc8dc45414cca409ae24e,1059336
0xa12431d0b9db640034b0cdfceef9cce161e62be4,1054757
0xac08809df1048b82959d6251fbc9538920bed1fa,1051799
0x744d70fdbe2ba4cf95131626614a1763df805b9e,1032248
0xa74476443119a942de498590fe1f2454d7d4ac0d,1027029
0x881d4032abe4188e2237efcd27ab435e81fc6bb1,1025129
0x9554efa1669014c25070bc23c2df262825704228,1021428
0xf4a2eff88a408ff4c4550148151c33c93442619e,1006020
0x0000006daea1723962647b7e189d311d757fb793,1002164
0xddfabcdc4d8ffc6d5beaf154f18b778f892a0740,989308
0xbc4162d53f945266684f4e5e48d545f206bc1ca5,989166
0x6b3595068778dd592e39a122f4f5a5cf09c90fe2,987863
0x44e94034afce2dd3cd5eb62528f239686fc8f162,984756
0x876eabf441b2ee5b5b0554fd502a8e0600950cfa,977453
0x2819c144d5946404c0516b6f817a960db37d4929,976733
0xc94ebb328ac25b95db0e0aa968371885fa516215,973891
0xb5d85cbf7cb3ee0d56b3bb207d5fc4b82f43f511,972043
0x4dbd4fc535ac27206064b68ffcf827b0a60bab3f,969315
0xa7efae728d2936e78bda97dc267687568dd593f3,950706
0xeb2629a2734e272bcc07bda959863f316f4bd4cf,949951
0x4d224452801aced8b2f0aebe155379bb5d594381,949775
0x4f6742badb049791cd9a37ea913f2bac38d01279,944458
0xdd974d5c2e2928dea5f71b9825b8b646686bd200,942351
0x3cd751e6b0078be393132286c442345e5dc49699,936211
0x62b9f8741bf53a6986a5411c0557c30f6f11f3af,932476
0xc944e90c64b2c07662a292be6244bdf05cda44a7,917304
0xd533a949740bb3306d119cc777fa900ba034cd52,905395
0x689c56aef474df92d44a1b70850f808488f9769c,905141
0xb8c77482e45f1f44de1745f52c74426c631bdd52,904716
0x653430560be843c4a3d143d0110e896c2ab8ac0d,904459
0xd7cc16500d0b0ac3d0ba156a584865a43b0b0050,899754
0xc179fbddc946694d11185d4e15dbba5fd0adac0a,895482
0x61935cbdd02287b511119ddb11aeb42f1593b7ef,893123
0xae9b8e05c22bae74d1e8db82c4af122b18050bd4,876593
0x798abda6cc246d0edba912092a2a3dbd3d11191b,875894
0x974caa59e49682cda0ad2bbe82983419a2ecc400,873546
0x9dffe202df7f82ba57a7f8d571628805eff7fed9,871944
0x8d1f2ebfaccf1136db76fdd1b86f1dede2d23852,871646
0x74fd51a98a4a1ecbef8cc43be801cce630e260bd,867540
0x74312363e45dcaba76c59ec49a7aa8a65a67eed3,846746
0xf6874c88757721a02f47592140905c4336dfbc61,839265
0xffa397285ce46fb78c588a9e993286aac68c37cd,834293
0xcd111aa492a9c77a367c36e6d6af8e6f212e0c8e,829323
0x6c6ee5e31d828de241282b9606c8e98ea48526e2,824454
0x93e682107d1e9defb0b5ee701c71707a4b2e46bc,819535
0x1111111254eeb25477b68fb85ed929f73a960582,818686
0x4a220e6096b25eadb88358cb44068a3248254675,811464
0x2260fac5e5542a773aa44fbcfedf7c193bc2c599,809970
0x1f0480a66883de97d2b054929252aae8f664c15c,799863
0xa69babef1ca67a37ffaf7a485dfff3382056e78c,788404
0x0d152b9ee87ebae179f64c067a966dd716c50742,787617
0xd0a6e6c54dbc68db5db3a091b171a77407ff7ccf,785171
0xd3ebdaea9aeac98de723f640bce4aa07e2e44192,782842
0xcbd6832ebc203e49e2b771897067fce3c58575ac,781944
0x3819f64f282bf135d62168c1e513280daf905e06,779953
0xa52e014b3f5cc48287c2d483a3e026c32cc76e6d,778356
0x5e032243d507c743b061ef021e2ec7fcc6d3ab89,775930
0xf1ad4bfdf8829d55ec0ce7900ef9d122b2610673,774854
0xcffad3200574698b78f32232aa9d63eabd290703,767211
0x6cc5f688a315f3dc28a7781717a9a798a59fda7b,756198
0xf411903cbc70a74d22900a5de66a2dda66507255,750274
0xbb0e17ef65f82ab018d8edd776e8dd940327b28b,748926
0x37a9679c41e99db270bda88de8ff50c0cd23f326,746611
0x8a88f04e0c905054d2f33b26bb3a46d7091a039a,743916
0x4e15361fd6b4bb609fa63c81a2be19d873717870,741157
0x0ba45a8b5d5575935b8158a88c631e9f9c95a2e5,737764
0x4cb18386e5d1f34dc6eea834bf3534a970a3f8e7,732874
0xfb80bfa19cae9e00f28b0f7e1023109deeb10483,732661
0x0000000000a39bb272e79075ade125fd351887ac,728797
0x111111111117dc0aa78b770fa6a738034120c302,723528
0x91337a300e0361bddb2e377dd4e88ccb7796663d,723466
0x4f01001cf69785d4c37f03fd87398849411ccbba,722042
0x3495ffcee09012ab7d827abf3e3b3ae428a38443,718969
0x41e5560054824ea6b0732e656e3ad64e20e94e45,718493
0x5e07b6f1b98a11f7e04e7ffa8707b63f1c177753,717779
0x1ce7ae555139c5ef5a57cc8d814a867ee6ee33d8,712475
0xabbb6bebfa05aa13e908eaa492bd7a8343760477,710650
0xa1d8d972560c2f8144af871db508f0b0b10a3fbf,706451
0x762ed657b76372f8c08c6f7e0aa4170658c4ca35,704573
0x111111125434b319222cdbf8c261674adb56f3ae,703930
0x999999c60566e0a78df17f71886333e1dace0bae,700234
0xbbbbca6a901c926f240b89eacb641d8aec7aeafd,699068
0x818e6fecd516ecc3849daf6845e3ec868087b755,696039
0x693c188e40f760ecf00d2946ef45260b84fbc43e,695737
0x000000000dfde7deaf24138722987c9a6991e2d4,695725
0x4d246be90c2f36730bb853ad41d0a189061192d3,695375
0xd1669ac6044269b59fa12c5822439f609ca54f41,695342
0x39f6a6c85d39d5abad8a398310c52e7c374f2ba3,692334
0x2a549b4af9ec39b03142da6dc32221fc390b5533,686804
0x9f8f72aa9304c8b593d555f12ef6589cc3a579a2,678055
0x0bc529c00c6401aef6d220be8c6ea1667f6ad93e,668773
0xaaaebe6fe48e54f431b0c390cfaf0b017d09d42d,665258
0x57f1887a8bf19b14fc0df6fd9b2acc9af147ea85,658943
0x52a03d5d2bb8a30585dfc59904c799b27a03a56e,653250
0xbc2faad1ec407571249b0e874a9abd840111389b,650466
0x0e69d0a2bbb30abcb7e5cfea0e4fde19c00a8d47,647492
0x06a6a7af298129e3a2ab396c9c06f91d3c54aba8,646419
0x5e4e65926ba27467555eb562121fac00d24e9dd2,644885
0x7d2768de32b0b80b7a3454c06bdac94a69ddc7a9,644179
0x58959e0c71080434f237bd42d07cd84b74cef438,642406
0x6f259637dcd74c767781e37bc6133cd6a68aa161,633181
0xe62e6e6c3b808faad3a54b226379466544d76ea4,628642
0x89d24a6b4ccb1b6faa2625fe562bdd9a23260359,628629
0xaeb960ed44c8a4ce848c50ef451f472a503456b2,628570
0xe1ac9eb7cddabfd9e5ca49c23bd521afcdf8be49,628450
0xb62132e35a6c13ee1ee0f84dc5d40bad8d815206,621414
0x5564886ca2c518d1964e5fcea4f423b41db9f561,617903
0x7ed1e469fcb3ee19c0366d829e291451be638e59,617235
0x1f973b233f5ebb1e5d7cfe51b9ae4a32415a3a08,615917
0x990f341946a3fdb507ae7e52d17851b87168017c,615692
0x83c8f28c26bf6aaca652df1dbbe0e1b56f8baba2,614851
0xa4e5961b58dbe487639929643dcb1dc3848daf5e,614414
0x292f04a44506c2fd49bac032e1ca148c35a478c8,612899
0x3b484b82567a09e2588a13d54d032153f0c0aee0,610234
0xbeefbabeea323f07c59926295205d3b7a17e8638,605598
0xfa103c21ea2df71dfb92b0652f8b1d795e51cdef,605073
0x077d360f11d220e4d5d831430c81c26c9be7c4a4,601962
0xdd9fd6b6f8f7ea932997992bbe67eabb3e316f3c,601695
0x94235659cf8b805b2c658f9ea2d6d6ddbb17c8d7,595779
0xe99a894a69d7c2e3c92e61b64c505a6a57d2bc07,595288
0x12459c951127e0c374ff9105dda097662a027093,594024
0x3fda25f27211a138adf211f4c060f2149674be6d,593051
0x0064454b14cddc990ed6520ef94d3e28fe7c41b6,587790
0x084b1c3c81545d370f3634392de611caabff8148,586530
0x71d271f8b14adef568f8f28f1587ce7271ac4ca5,578150
0x7a271d1df2c3f2fef734611c6c7ee6b9b8439204,578102
0x595832f8fc6bf59c85c527fec3740a1b7a361269,575399
0xc4131c1893576e078a0b637b653f3e6a18e137ac,572660
0xf89d7b9c864f589bbf53a82105107622b35eaa40,570296
0x00000000000001ad428e4906ae43d8f9852d0dd6,569900
0xc257274276a4e539741ca11b590b9447b26a8051,567300
0x2e65e12b5f0fd1d58738c6f38da7d57f5f183d1c,566570
0x59728544b08ab483533076417fbbb2fd0b17ce3a,566265
0x408e41876cccdc0f92210600ef50372656052a38,565421
0xb8901acb165ed027e32754e0ffe830802919727f,560015
0xf443253607dbde5bda77c358c9b9f244d819e25c,559395
0x794e6e91555438afc3ccf1c5076a74f42133d08d,558414
0x00c7a37b03690fb9f41b5c5af8131735c7275446,556545
0x3c7b464376db7c9927930cf50eefdea2eff3a66a,555476
0xba7435a4b4c747e0101780073eeda872a69bdcd4,552100
0xdc6c91b569c98f9f6f74d90f9beff99fdaf4248b,550902
0xb4a81261b16b92af0b9f7c4a83f1e885132d81e4,550062
0x3597bfd533a99c9aa083587b074434e61eb0a258,549726
0xfd0174784ebce943bdb8832ecdea9fea30e7c7a9,542897
0x05f4a42e251f2d52b8ed15e9fedaacfcef1fad27,536482
0x1f573d6fb3f13d689ff844b4ce37794d79a7ff1c,534822
0x03cb0021808442ad5efb61197966aef72a1def96,533536
0x686b30a80826340a59afa564c2a01b79128eb7dd,531952
0x105631c6cddba84d12fa916f0045b1f97ec9c268,529002
0xf5ae0e27cf423b1ed6513c3ca35cc14c22ee66fd,527101
0xcac725bef4f114f728cbcfd744a731c2a463c3fc,524461
0x390de26d772d2e2005c6d1d24afc902bae37a4bb,522854
0xd07dc4262bcdbf85190c01c996b4c06a461d2430,518537
0x419d0d8bdd9af5e606ae2232ed285aff190e711b,515216
0x7727e5113d1d161373623e5f49fd568b4f543a9e,513180
0xcafe27178308351a12fffffdeb161d9d730da082,512787
0x931abd3732f7eada74190c8f89b46f8ba7103d54,510311
0x58b6a8a3302369daec383334672404ee733ab239,509845
0xc88f7666330b4b511358b7742dc2a3234710e7b1,508145
0xc36cf0cfcb5d905b8b513860db0cfe63f6cf9f5c,508142
0xd5dc8921a5c58fb0eba6db6b40eab40283dc3c01,507095
0x425372c0ac9d559a186a08a3854e0ddea1a00d5c,504499
0xf6fb09a41fa6c18cebc1e7c6f75a8664d69e4d48,504000
0x8290333cef9e6d528dd5618fb97a76f268f3edd4,501179
0xb97048628db6b661d4c2aa833e95dbe1a905b280,498381
0x8971f9fd7196e5cee2c1032b50f656855af7dd26,497865
0xb2723beacce4bc54f23544343927f048cef6bd5a,490046
0xb04c0eb29c72cebc467b9d4944d29116fa02c44a,488733
0xf4985070ce32b6b1994329df787d1acc9a2dd9e2,488033
0xf0155486a14539f784739be1c02e93f28eb8e960,484703
0x2b5634c42055806a59e9107ed44d43c426e58258,484516
0xf4d2888d29d722226fafa5d9b24f9164c092421e,484098
0x4156d3342d5c385a87d264f90653733592000581,480133
0x080bf510fcbf18b91105470639e9561022937712,478449
0x03f34be1bf910116595db1b11e9d1b2ca5d59659,478132
0x8aff5ca996f77487a4f04f1ce905bf3d27455580,477552
0x867ffb5a3871b500f65bdfafe0136f9667deae06,472747
0x5aa4903fb11bbaaa56b35e6477c58012a62a5b2f,471375
0x39aa39c021dfbae8fac545936693ac917d5e7563,469137
0x4dc3643dbc642b72c158e7f3d2ff232df61cb6ce,468892
0xc18360217d8f7ab5e7c516566761ea12ce7f9d72,467973
0x9992ec3cf6a55b00978cddf2b27bc6882d88d1ec,465498
0x37236cd05b34cc79d3715af2383e96dd7443dcf1,463679
0x5392f73b013ea80b4c5eec3ea229388809114537,461907
0xa22c1b5320108c19db53f58241fd64b105562296,461275
0x28ffe35688ffffd0659aee2e34778b0ae4e193ad,458567
0xc2edad668740f1aa35e4d8f227fb8e17dca888cd,457116
0xa37d94e80eab7a5bcb6d2e76b7666e341e4b58f6,456187
0x8b3192f5eebd8579568a2ed41e6feb402f93f73f,455339
0xbcd7254a1d759efa08ec7c3291b2e85c5dcc12ce,454840
0xb63b606ac810a52cca15e44bb630fd42d8d1d83d,453973
0x457476bc97adef10aba63fcadaefe503553fa0d2,447543
0x131a99859a8bfa3251d899f0675607766736ffae,443802
0xd73be539d6b2076bab83ca6ba62dfe189abc6bbe,443191
0x4092678e4e78230f46a1534c0fbc8fa39780892b,443124
0x2faf487a4414fe77e2327f0bf4ae2a264a776ad2,441129
0x1776e1f26f98b1a5df9cd347953a26dd3cb46671,439893
0xb363a3c584b1f379c79fbf09df015da5529d4dac,439410
0x75e7f640bf6968b6f32c47a3cd82c3c2c9dcae68,439350
0xd4f5bf184bebfd53ac276ec6e091d051d0ed459e,439241
0x45555629aabfea138ead1c1e5f2ac3cce2add830,439086
0xdef171fe48cf0115b1d80b88dc8eab59176fee57,437407
0xd77bcd9cf4212a41defbcd2e2ff0f50fea2be643,437243
0x527b9715d99acfb7e1b01c6c864dc8402f2a3c3b,436435
0xd850942ef8811f2a866692a623011bde52a462c1,435675
0x01aac5236ad205ebbe4f6819bc64ef5bef40b71c,434229
0x5b8174e20996ec743f01d3b55a35dd376429c596,433392
0xe33c8e3a0d14a81f0dd7e174830089e82f65fc85,429241
0xc5d105e63711398af9bbff092d4b6769c82f793d,426712
0xd8b93107d820d294cd8082a15c65261ee9d30790,424569
0x6bc1f3a1ae56231dbb64d3e82e070857eae86045,423322
0xff20817765cb7f73d4bde2e66e067e58d11095c2,421637
0xc9c4d9ec2b44b241361707679d3db0876ac10ca6,421387
0x0b44611b8ae632be05f24ffe64651f050402ae01,420412
0x9008d19f58aabd9ed0d60971565aa8510560ab41,419486
0x5fdcca53617f4d2b9134b29090c87d01058e27e9,418652
0x4026064caba17596670d1655c771124c309494fb,417731
0xedbaf3c5100302dcdda53269322f3730b1f0416d,411817
0x9fcafcca8aec0367abb35fbd161c241f7b79891b,411456
0x4672bad527107471cb5067a887f4656d585a8a31,410767
0x761d38e5ddf6ccf6cf7c55759d5210750b5d60f3,408896
0xb3775fb83f7d12a36e0475abdd1fca35c091efbe,408245
0xb01cb49fe0d6d6e47edf3a072d15dfe73155331c,407997
0xd4307e0acd12cf46fd6cf93bc264f5d5d1598792,407485
0x14fbca95be7e99c15cc2996c6c9d841e54b79425,407478
0x0abdace70d3790235af448c88547603b945604ea,407260
0xf598b81ef8c7b52a7f2a89253436e72ec6dc871f,402795
0xb958a8f59ac6145851729f73c7a6968311d8b633,400950
0xba12222222228d8ba445958a75a0704d566bf2c8,400611
0x8ce9137d39326ad0cd6491fb5cc0cba0e089b6a9,398201
0x73282a63f0e3d7e9604575420f777361eca3c86a,397830
0x01eacc3ae59ee7fbbc191d63e8e1ccfdac11628c,397439
0x0000000000c2d145a2526bd8c716263bfebe1a72,396777
0xff1f2b4adb9df6fc8eafecdcbf96a2b351680455,396360
0x4f833a24e1f95d70f028921e27040ca56e09ab0b,394211
0xa910f92acdaf488fa6ef02174fb86208ad7722ba,392952
0x1e0447b19bb6ecfdae1e4ae1694b0c3659614e4e,387677
0x80fb784b7ed66730e8b1dbd9820afd29931aab03,387246
0xbf2179859fc6d5bee9bf9158632dc51678a4100e,387225
0x6a750d255416483bec1a31ca7050c6dac4263b57,386402
0x000000000000deab340f067535869a0e5226e58a,385401
0x69ae0b74d23a741a25a6e997de6418f374a0cf4d,379951
0xbcc394d45c3613530a83cae62c716dc23b7f2152,379671
0xe6b75a1960f91bfa7010dec8543685ead67f8cff,377698
0xae7ab96520de3a18e5e111b5eaab095312d7fe84,377112
0x3b921f0f543cfdb3fe9797911267e14382d8db7b,376959
0x3dae53ee778a324bd317bd270d6227406b6bd4ed,374283
0x7c5cb1220bd293ff9cf903915732e51a71292038,369504
0xfc87d4f82fc5fe80a2d1692ffee872b2517c34c7,369334
0xb5a5f22694352c15b00323844ad545abb2b11028,365526
0x3e66b66fd1d0b02fda6c811da9e0547970db2f21,365233
0x74381d4533cc43121abfef7566010dd9fb7c9f7a,365075
0x1530df3e1c69501d4ecb7e58eb045b90de158873,363266
0x0559324025d6ef4a715c2e22562b90210fcfe25a,362843
0x50d1c9771902476076ecfc8b2a83ad6b9355a4c9,362773
0xbfc39b6f805a9e40e77291aff27aee3c96915bdd,362046
0x5954ab967bc958940b7eb73ee84797dc8a2afbb9,361847
0xc83e009c7794e8f6d1954dc13c23a35fc4d039f6,361615
0x69ea6b31ef305d6b99bb2d4c9d99456fa108b02a,360271
0x777f415324d56e1d54fa832902d8797db7a4c57c,357028
0xb9c764114c5619a95d7f232594e3b8dddf95b9cf,356751
0xe9519677e6ec8d2d6bfab92a059529fea6075d37,355875
0xc77b230f31b517f1ef362e59c173c2be6540b5e8,355171
0x9e15f8ad98e95033c1d4798458cec34a4b5972b0,352654
0x000000000035b5e5ad9019092c665357240f594e,350677
0x5da8d37485b4374fc338fc1f1ea31d07eb7bedd3,349186
0x11111254369792b2ca5d084ab5eea397ca8fa48b,348926
0xf1f3ca6268f330fda08418db12171c3173ee39c9,348778
0x60f80121c31a0d46b5279700f9df786054aa5ee5,348337
0x8762db106b2c2a0bccb3a80d1ed41273552616e8,347907
0xa47c8bf37f92abed4a126bda807a7b7498661acd,347393
0x00000000003b3cc22af3ae1eac0440bcee416b40,347174
0x8f8221afbb33998d8584a2b05749ba73c37a938a,346570
0xac54b0f52f314f1efbef245a5416fd5d7e381b71,346332
0x0392b64b8bfda184f0a72ce37d73dc7df978c4f7,344965
0x4b01721f0244e7c5b5f63c20942850e447f5a5ee,342637
0x504b60a4133699c7056b58d3fe11ea73865a2d65,341056
0x274f3c32c90517975e29dfc209a23f315c1e5fc7,340430
0x388c818ca8b9251b393131c08a736a67ccb19297,332529
0xd4fa1460f537bb9085d22c7bccb5dd450ef28e3a,331010
0x99c9fc46f92e8a1c0dec1b1747d010903e884be1,329387
0x4976fb03c32e5b8cfe2b6ccb31c09ba78ebaba41,328738
0x4a8f44be523580a11cdb20e2c7c470adf44ec9bb,328701
0x08f5a9235b08173b7569f83645d2c7fb55e8ccd8,328517
0xf3586684107ce0859c44aa2b2e0fb8cd8731a15a,327341
0xc12d1c73ee7dc3615ba4e37e4abfdbddfa38907e,326596
0xb6ed7644c69416d67b522e20bc294a9a9b405b31,325914
0x57b116da40f21f91aec57329ecb763d29c1b2355,325120
0x6fc82a5fe25a5cdb58bc74600a40a69c065263f8,324736
0xd1ceeeefa68a6af0a5f6046132d986066c7f9426,324099
0xef68e7c694f40c8202821edf525de3782458639f,323311
0x58a4884182d9e835597f405e5f258290e46ae7c2,323289
0xaa1a6e3e6ef20068f7f8d8c835d2d22fd5116444,322205
0x275b69aa7c8c1d648a0557656bce1c286e69a29d,322142
0xbf5f8bfcee9502a30018d91c63eca66980e6e9bb,318752
0xa2b4c0af19cc16a6cfacce81f192b024d625817d,317687
0xf90c9ac616ecfefb3860aaa5bc33caf9bc606441,317546
0x02b3c88b805f1c6982e38ea1d40a1d83f159c3d4,317317
0xda605fd5e003e6de0f33f6474080623fa6483e3e,316765
0x75e89d5979e4f6fba9f97c104c2f0afb3f1dcb88,316503
0xb9ee1e551f538a464e8f8c41e9904498505b49b0,316358
0xe42cad6fc883877a76a26a16ed92444ab177e306,311777
0xcb97e65f07da24d46bcdd078ebebd7c6e6e3d750,311637
0x24b6638549f0d857bd76abcb4a3ab20ec65833c7,311442
0x08d32b0da63e2c3bcf8019c9c5d849d7a9d791e6,310856
0x9a642d6b3368ddc662ca244badf32cda716005bc,310254
0x5ca9a71b1d01849c0a95490cc00559717fcf0d1d,309584
0x4575f41308ec1483f3d399aa9a2826d74da13deb,308135
0x607f4c5bb672230e8672085532f7e901544a7375,307173
0x8207c1ffc5b6804f6024322ccf34f29c3541ae26,304820
0xae0ee0a63a2ce6baeeffe56e7714fb4efe48d419,304526
0x00000000c2cf7648c169b25ef1c217864bfa38cc,304362
0x4ddc2d193948926d02f9b1fe9e1daa0718270ed5,303462
0x818fc6c2ec5986bc6e2cbf00939d90556ab12ce5,301530
0x8562c38485b1e8ccd82e44f89823da76c98eb0ab,301497
0xdbd324b73f6f85bf9013b75c442021303b635ff9,301087
0xd2877702675e6ceb975b4a1dff9fb7baf4c91ea9,301033
0xb5fe099475d3030dde498c3bb6f3854f762a48ad,299874
0x832f166799a407275500430b61b622f0058f15d6,298165
0xc5bbae50781be1669306b9e001eff57a2957b09d,297835
0xf1ca9cb74685755965c7458528a36934df52a3ef,297815
0xbbd3c0c794f40c4f993b03f65343acc6fcfcb2e2,297360
0xe530441f4f73bdb6dc2fa5af7c3fc5fd551ec838,296577
0xba100000625a3754423978a60c9317c58a424e3d,295698
0xb3aaaae47070264f3595c5032ee94b620a583a39,294225
0xf433089366899d83a9f26a773d59ec7ecf30355e,291992
0x53e0e51b5ed9202110d7ecd637a4581db8b9879f,291131
0x8e1b448ec7adfc7fa35fc2e885678bd323176e34,290945
0x08ceed1e8db59acbb687a5752f0a7db815cfda5e,290517
0x0975ca9f986eee35f5cbba2d672ad9bc8d2a0844,290129
0x52de8d3febd3a06d3c627f59d56e6892b80dcf12,289606
0xf570deefff684d964dc3e15e1f9414283e3f7419,289322
0x7600977eb9effa627d6bd0da2e5be35e11566341,289158
0xd5fbda4c79f38920159fe5f22df9655fde292d47,288762
0x8912358d977e123b51ecad1ffa0cc4a7e32ff774,288598
0x398ec7346dcd622edc5ae82352f02be94c62d119,288151
0xfa1a856cfa3409cfa145fa4e20eb270df3eb21ab,286054
0x55296f69f40ea6d20e478533c15a6b08b654e758,285870
0x473037de59cf9484632f4a27b509cfe8d4a31404,283684
0x12d79c345cac7b050a5ff0797b5a607e254c73f5,281763
0x0000000000b3f879cb30fe243b4dfee438691c04,281383
0x68b22215ff74e3606bd5e6c1de8c2d68180c85f7,280710
0x7420b4b9a0110cdc71fb720908340c03f9bc03ec,280346
0x6025d96932d378be7d0a46343b437678a126ecca,279728
0x1985365e9f78359a9b6ad760e32412f4a445e862,279555
0xa9e4332448318da58cdd398286c0809684ed9bd4,278413
0x476c5e26a75bd202a9683ffd34359c0cc15be0ff,277528
0x9813037ee2218799597d83d4a5b6f3b6778218d9,276361
0x1d6e8bac6ea3730825bde4b005ed7b2b39a2932d,275649
0x8018280076d7fa2caa1147e441352e8a89e1ddbe,275078
0x47a16e51bcc89c0015622fe83eb482a4522f6c5c,274962
0x3cc83c2400e00a54fa1e588d62bc28bf15d5def5,273646
0x95428ac02714244929215638f8f99e9a5a43c8ed,273531
0xba11d00c5f74255f56a5e366f4f77f5a186d7f55,272863
0x967da4048cd07ab37855c090aaf366e4ce1b9f48,272596
0x401f6c983ea34274ec46f84d70b31c151321188b,272432
0xfd4492e70df97a6155c6d244f5ec5b5a39b6f096,272186
0x0000000089341e263b85d84a0eea39f47c37a9d2,271752
0xb36cbe7f95a39984384e6aa4068b02c1697ef80e,271285
0xf73c3c65bde10bf26c2e1763104e609a41702efe,270960
0x6267873a5a0a1647a8fbb25541605a0815e04d74,270833
0x794d28ac31bcb136294761a556b68d2634094153,270201
0x966daed1348fbd894bb6c404d9cddf78a9932913,270093
0x00000000219ab540356cbb839cbe05303d7705fa,269540
0x5c891d76584b46bc7f1e700169a76569bb77d2db,269208
0xece701c76bd00d1c3f96410a0c69ea8dfcf5f34e,269052
0x477b8d5ef7c2c42db84deb555419cd817c336b6f,268378
0x0000000000c90bc353314b6911180ed7e06019a9,268171
0xd46ba6d942050d489dbd938a2c909a5d5039a161,266239
0x9047237b16c918d94db3d1a9a86d7a2a605cdfe7,266234
0x896b516eb300e61cfc96ee1de4b297374e7b70ed,265802
0xc3d9c17d7f6988c0fe7ebe929c47efccbd92be13,263683
0xa29148c2a656e5ddc68acb95626d6b64a1131c06,263350
0x419c4db4b9e25d6db2ad9691ccb832c8d9fda05e,261325
0xddb3422497e61e13543bea06989c0789117555c5,259915
0x097b3b7cb01945ba7e76804ddc2fdda2cce6ef43,259741
0x99ea4db9ee77acd40b119bd1dc4e33e1c070b80d,259367
0xc5622f143972a5da6aabc5f5379311ee5eb48568,258337
0xfaafdc07907ff5120a76b34b731b278c38d6043c,257712
0x7415c7bf3e2415fa9a55f1fd8b6fccf2914c39a6,257210
0xfe7f0897239ce9cc6645d9323e6fe428591b821c,256738
0xd9e24d0f97ab29d23734d5122f87e333a371321b,254477
0x1a77cc30e8d7cb528520cda6b29279e7d859896a,254037
0xad9eb619ce1033cc710d9f9806a2330f85875f22,253584
0xa68920f6d3c996ac3c232e4e93914e9d76150735,252794
0x000000000000084e91743124a982076c59f10084,252471
0x7db77e4c967c95a5a9e2ec57ec21788dab481893,251766
0x5af2be193a6abca9c8817001f45744777db30756,251523
0x7ee8ab2a8d890c000acc87bf6e22e2ad383e23ce,250329
0xceec7aaa57e3a77c73a9954b9b7d5b32ab688318,250192
0xc50489a925e9c8dcfe792951fe85f96d14f41ffc,249982
0x65c0469fa7a3ceb8130598e90f5f76c11b7e51aa,249069
0xf7a0383750fef5abace57cc4c9ff98e3790202b3,248796
0x92d6c1e31e14520e676a687f0a93788b716beff5,248098
0x10086399dd8c1e3de736724af52587a2044c9fa2,247932
0xf57e7e7c23978c3caec3c3548e3d615c346e79ff,247865
0xa4e8c3ec456107ea67d3075bf9e3df3a75823db0,247822
0x912fd21d7a69678227fe6d08c64222db41477ba0,247351
0xefb2e870b14d7e555a31b392541acf002dae6ae9,246491
0x8271b2e8cbe29396e9563229030c89679b9470db,245531
0xa62142888aba8370742be823c1782d17a0389da1,245349
0x121effb8160f7206444f5a57d13c7a4424a237a4,244842
0x83e6f1e41cdd28eaceb20cb649155049fac3d5aa,244573
0x383518188c0c6d7730d91b2c03a03c837814a899,242991
0xf60c2ea62edbfe808163751dd0d8693dcb30019c,242409
0x0577a79cfc63bbc0df38833ff4c4a3bf2095b404,242257
0x45804880de22913dafe09f4980848ece6ecbaf78,241080
0x73f8fc2e74302eb2efda125a326655acf0dc2d1b,240764
0x9507c04b10486547584c37bcbd931b2a4fee9a41,240340
0x34d85c9cdeb23fa97cb08333b511ac86e1c4e258,240301
0x51836a753e344257b361519e948ffcaf5fb8d521,240282
0x090d4613473dee047c3f2706764f49e0821d256e,240007
0x6cc8dcbca746a6e4fdefb98e1d0df903b107fd21,239415
0xd2299b3098cf5e13144caebfdad61ebe505233dc,238725
0xc5f60fa4613493931b605b6da1e9febbdeb61e16,238430
0x960b236a07cf122663c4303350609a66a7b288c0,238230
0x041fe8df8b4aaa868941eb877952f17babe57da5,237593
0x3b8a1122316a9520b4ffe867f56a130c1524a64f,236190
0xfbb1b73c4f0bda4f67dca266ce6ef42f520fbb98,235658
0xe6aaceda7d6bc119df866f8b5228073d9a992734,235423
0x034f854b44d28e26386c1bc37ff9b20c6380b00d,235114
0xb47e3cd837ddf8e4c57f05d70ab865de6e193bbb,234445
0xf164fc0ec4e93095b804a4795bbe1e041497b92a,233405
0x5861b8446a2f6e19a067874c133f04c578928727,233248
0x0a1820f0ff7dc9fce0a4f0b589ee14ddae88233c,233121
0x006699d34aa3013605d468d2755a2fe59a16b12b,233021
0x5427fefa711eff984124bfbb1ab6fbf5e3da1820,232732
0x007933790a4f00000099e9001629d9fe7775b800,231148
0x4d31200e6d7854c2f664af7fc38a21600960f74d,230850
0x80c67432656d59144ceff962e8faf8926599bcf8,230838
0xb7cb1c96db6b22b0d3d9536e0108d062bd488f74,230175
0xa9bff538a906154c80a8dbccd229f3deddfa52d6,229034
0xd0929d411954c47438dc1d871dd6081f5c5e149c,228915
0xc8c436271f9a6f10a5b80c8b8ed7d0e8f37a612d,228694
0x0777f76d195795268388789343068e4fcd286919,227973
0x5a54fe5234e811466d5366846283323c954310b2,227174
0xd4c435f5b09f855c3317c8524cb1f586e42795fa,226423
0x27e9f4748a2eb776be193a1f7dec2bb6daafe9cf,226175
0x6ef77d991eb5306e9f235abc0cc65925da398ad0,225369
0xd97e471695f73d8186deabc1ab5b8765e667cd96,225321
0x103675510a219bd84ce91d1bcb82ca194d665a09,224796
0x4d9079bb4165aeb4084c526a32695dcfd2f77381,224279
0x9f0f1be08591ab7d990faf910b38ed5d60e4d5bf,223080
0x04fa0d235c4abf4bcf4787af4cf447de572ef828,221833
0xf85feea2fdd81d51177f6b8f35f0e6734ce45f5f,220897
0xbadc0defafcf6d4239bdf0b66da4d7bd36fcf05a,220492
0x6b7a87899490ece95443e979ca9485cbe7e71522,219824
0xc9610be2843f1618edfedd0860dc43551c727061,219782
0x76481caa104b5f6bccb540dae4cefaf1c398ebea,219713
0x485b9a41e8bf06e57bb64c6ba7cb04f9d53d2d76,219461
0x9ab165d795019b6d8b3e971dda91071421305e5a,219271
0x445f51299ef3307dbd75036dd896565f5b4bf7a5,219162
0x090185f2135308bad17527004364ebcc2d37e5f6,218978
0xbf0c5d82748ed81b5794e59055725579911e3e4e,218973
0x0000000035634b55f3d99b071b5a354f48e10bef,218957
0x5baeac0a0417a05733884852aa068b706967e790,218865
0x1f772db718238d8413bad9b309950a9c5286fd71,218800
0x4fe83213d56308330ec302a8bd641f1d0113a4cc,217850
0x1c040c4ab9acce984d0d4c135576598013950e52,216444
0xb1656c8fe15b1ac60760777a8e45f5d7cd1d24ec,216021
0x5d3a536e4d6dbd6114cc1ead35777bab948e3643,215227
0x167a9333bf582556f35bd4d16a7e80e191aa6476,214871
0x0f51bb10119727a7e5ea3538074fb341f56b09ad,214857
0x2b7922fdf76fb3466902c7b702a20ea6a450a0a0,213505
0x1519aff03b3e23722511d2576c769a77baf09580,213467
0xf970b8e36e23f7fc3fd752eea86f8be8d83375a6,213011
0xc9f5296eb3ac266c94568d790b6e91eba7d76a11,212839
0x34848f3c3934733d3ebc6f82489346592566c777,212030
0x4cd988afbad37289baaf53c13e98e2bd46aaea8c,210659
0xaea46a60368a7bd060eec7df8cba43b7ef41ad85,210295
0xe94327d07fc17907b4db788e5adf2ed424addff6,210103
0x3ee18b2214aff97000d974cf647e7c347e8fa585,209837
0xe384708c95a1c83c10fcee513f971cc36f624c0c,208802
0x1014613e2b3cbc4d575054d4982e580d9b99d7b1,207636
0xbb97e381f1d1e94ffa2a5844f6875e6146981009,207533
0x467bccd9d29f223bce8043b84e8c8b282827790f,207400
0x767fe9edc9e0df98e07454847909b5e959d7ca0e,207250
0x32d74896f05204d1b6ae7b0a3cebd7fc0cd8f9c7,206521
0x056fd409e1d7a124bd7017459dfea2f387b6d5cd,206381
0x279b045989bd4cd60ee4a53d2a1c0621a4b4623f,205824
0x0016c0d0343e8f2c3a7b6a51606b84b1545ec606,205748
0xf0f8b0b8dbb1124261fc8d778e2287e3fd2cf4f5,205707
0xc35fb86f962ea955751a793a007b5cdd44f798d7,205167
0x96fc4553a00c117c5b0bed950dd625d1c16dc894,204565
0x00000000a991c429ee2ec6df19d40fe0c80088b8,204475
0xf66852bc122fd40bfecc63cd48217e88bda12109,204387
0x6254b927ecc25ddd233aaecd5296d746b1c006b4,204280
0xdf574c24545e5ffecb9a659c229253d4111d87e1,203681
0x236f9f97e0e62388479bf9e5ba4889e46b0273c3,203129
0x85c5c26dc2af5546341fc1988b9d178148b4838b,202554
0x8eb24319393716668d768dcec29356ae9cffe285,202551
0xa1b19bcd50a24be0cb399c1ec0f7ca546b94a2b0,202401
0x5edc1a266e8b2c5e8086d373725df0690af7e3ea,201055
0x048717ea892f23fb0126f00640e2b18072efd9d2,201016
0xf5c9f957705bea56a7e806943f98f7777b995826,200754
0x62a364f7cba3be8fc9dcfdde12cabec8244af381,200341
0x2f9ec37d6ccfff1cab21733bdadede11c823ccb0,199495
0xdf2c7238198ad8b389666574f2d8bc411a4b7428,198860
0x3c979fb790c86e361738ed17588c1e8b4c4cc49a,198734
0x9757f2d2b135150bbeb65308d4a91804107cd8d6,198013
0x0000000000005117dd3a72e64a705198753fdd54,197686
0xb6aac3b56ff818496b747ea57fcbe42a9aae6218,197609
0x6ea6531b603f270d23d9edd2d8279135dc5d6773,197567
0x809826cceab68c387726af962713b64cb5cb3cca,197523
0xccc1d3102703418cfda055ce688867268563b3e6,197455
0x049bd8c3adc3fe7d3fc2a44541d955a537c2a484,196789
0x5c2c629feefcc07b338e97e39c73d2db33a85548,196463
0x891f460176f180836f53b729ffb27cfcc7d74d71,196131
0x09a3ecafa817268f77be1283176b946c4ff2e608,196009
0x9d9223436ddd466fc247e9dbbd20207e640fef58,196008
0xfd62247943f94c3910a4922af2c62c2d3fac2a8f,195459
0x4e5b2e1dc63f6b91cb6cd759936495434c7e972f,195115
0x8a91277f3e044291bcf152fc33de2b7a1565625e,194632
0x25553828f22bdd19a20e4f12f052903cb474a335,194599
0xa5e99ad202bdd71d3518306cf4dd163261981af1,193667
0x2754b28227f041a66c46509d5620782bfc4766ef,193355
0xc5807256e2e2fe85ca94c3617c4bc5ff2bd9cfb6,193141
0x39da41747a83aee658334415666f3ef92dd0d541,192538
0x05237e2bd2dfab39a135d254cabae94b183c8bad,192469
0x007ac2f589eb9d4fe1cea9f46b5f4f52dab73dd4,191957
0x6c8dce6d842e0d9d109dc4c69f35cf8904fc4cbf,191869
0xd7c09e006a2891880331b0f6224071c1e890a98a,191717
0x2402b6fa4785866e8009f90da83d3bef27bb2ed3,191670
0xf775a9a0ad44807bc15936df0ee68902af1a0eee,191372
0xf5a3d443fccd7ee567000e43b23b0e98d96445ce,191183
0x5eae73d4d24b2922fe614d4f58018b34a7e20a83,191056
0x58c2cb4a6bee98c309215d0d2a38d7f8aa71211c,190853
0x0000000000095413afc295d19edeb1ad7b71c952,190670
0x5283d291dbcf85356a21ba090e6db59121208b44,190668
0xcd4ec7b66fbc029c116ba9ffb3e59351c20b5b06,190442
0x8713d26637cf49e1b6b4a7ce57106aabc9325343,190273
0x51399b32cd0186bb32230e24167489f3b2f47870,189820
0xb2a48f542dc56b89b24c04076cbe565b3dc58e7b,189428
0xa701122c1b67220a8b6883d03c8ad67896b12466,189189
0x240bae5a27233fd3ac5440b5a598467725f7d1cd,188653
0x8f3470a7388c05ee4e7af3d01d8c722b0ff52374,188192
0x00000063f648c943346d2a239f0969bad32ff184,187840
0xbaf075545c3a56ecbaf219e4a1b69bc2b94b0b75,187827
0xea26c4ac16d4a5a106820bc8aee85fd0b7b2b664,187708
0x3472a5a71965499acd81997a54bba8d852c6e53d,187073
0x0635e7362e13215d6dcc0e63a0007eebecc408e4,186106
0x9d58779365b067d5d3fcc6e92d237acd06f1e6a1,185721
0xad285fdedfc0d5f944a33e478356524293c7ec68,185595
0xeec606a66edb6f497662ea31b5eb1610da87ab5f,185444
0x3b3ee1931dc30c1957379fac9aba94d1c48a5405,185403
0x1ce319261565de6d71c29493c1834d8d3c7d1c45,185357
0x63c880aab2e8aad1a571d38a70a79b6c4729c468,185139
0x58124619a4ea38d215d36c962ac5cd73462acdd6,185069
0x3b0b89bc54ecfc0c96ae8a99dc3ac54321b7162c,184809
0x9c2cd7092c693d89e4106ce36125ccd754e589a8,184564
0x05ee546c1a62f90d7acbffd6d846c9c54c7cf94c,184253
0xbe9375c6a420d2eeb258962efb95551a5b722803,184179
0x5ca381bbfb58f0092df149bd3d243b08b9a8386e,184149
0xc011a72400e58ecd99ee497cf89e3775d4bd732f,184128
0x4a137fd5e7a256ef08a7de531a17d0be0cc7b6b6,183940
0x182ebf4c80b28efc45ad992ecbb9f730e31e8c7f,183861
0x466912baa9430a4a460b141ee8c580d817441449,183718
0xf34839b310097fcb4cf3a302dda8cc9b57501083,183532
0x00000000ae347930bd1e7b0f35588b92280f9e75,183000
0x3883f5e181fccaf8410fa61e12b59bad963fb645,182937
0x4e1945d8a75092923f39d4e332d8f3cb0afaeb51,182574
0x44f14099b8b9c60515e83a0cb1a85e14982bb091,182017
0xa1d0e215a23d7030842fc67ce582a6afa3ccab83,181918
0x68d57c9a1c35f63e2c83ee8e49a64e9d70528d25,181872
0x115e29615d1c10c8ddf826e4faec64ef6c1e3357,181862
0x97122ddca38c29b7653d52b07998d06a7128fa0b,181577
0x57c1e0c2adf6eecdb135bcf9ec5f23b319be2c94,181428
0x27c70cd1946795b66be9d954418546998b546634,181398
0xddaaf4a0702a03a4505f2352a1aba001ffc344be,181220
0xf1def7f0e620f39531eb352fe13da6825218e7df,181111
0x1a94fce7ef36bc90959e206ba569a12afbc91ca1,181101
0x00000000000c2e074ec69a0dfb2997ba6c7d2e1e,180861
0x4ecdb6385f3db3847f9c4a9bf3f9917bb27a5452,180686
0xaa86bb5ce320e7e425af0caf988f2c3a5e0b8338,180204
0xcbc6a023eb975a1e2630223a7959988948e664f3,179034
0x323632d993fe227753ab7cc9c14834f60e043abf,179006
0xcc4304a31d09258b0029ea7fe63d032f52e44efe,178761
0x18aaa7115705e8be94bffebde57af9bfc265b998,178412
0x87d9da48db6e1f925cb67d3b7d2a292846c24cf7,178362
0xa46f952645d4deec07a7cd98d1ec9ec888d4b61e,178223
0x67bc56caad630dc1719b14a540adc8e9968325c3,178080
0xdba370a2803f0826e5a4efccbd8d5c86517ac960,177953
0xd8a83b72377476d0a66683cde20a8aad0b628713,177900
0x115ec79f1de567ec68b7ae7eda501b406626478e,177883
0xe963b0fa93f48c3be91871f8ab6452a446bca7e4,177551
0x27695e09149adc738a978e9a678f99e4c39e9eb9,176985
0x4f9254c83eb525f9fcf346490bbb3ed28a81c667,176866
0xd0a4b8946cb52f0661273bfbc6fd0e0c75fc6433,176812
0xd91e45416bfbbec6e2d1ae4ac83b788a21acf583,176392
0x48c80f1f4d53d5951e5d5438b54cba84f29f32a5,176392
0xd077c09a7e65c4cca490a776d5e395fb4fe7179a,176331
0x7ee7ca6e75de79e618e88bdf80d0b1db136b22d0,176292
0xba08efcc14f24ef2c4f7a7e95c75d5f7970149dd,176191
0x40e45890dff79e7d533797d964e64a2c0121f49a,175417
0x827727b4c3f75ea6eb6bd2cc256de40db2b13665,175334
0xe7d7b37e72510309db27c460378f957b1b04bd5d,175240
0xfcca0c5ccd723baf6bf7f6678c8cfb49ce0042c7,175190
0x12480e24eb5bec1a9d4369cab6a80cad3c0a377a,175030
0x039b5649a59967e3e936d7471f9c3700100ee1ab,174847
0xbb9bc244d798123fde783fcc1c72d3bb8c189413,174521
0x6f400810b62df8e13fded51be75ff5393eaa841f,174333
0xb68042de5b3da08a80c20d29aefab999d0848385,174293
0x4cc29dd2b01a3e0ed005c6e2deb5b3666e4c240c,174182
0xb8001c3ec9aa1985f6c747e25c28324e4a361ec1,173924
0x4dd672e77c795844fe3a464ef8ef0faae617c8fb,173638
0x9e1f744ca5675cc04aa6070e63e8e45a0e951246,173436
0xfe001e973e1cfce58e4c9ef073ca10a7dbbbaa74,173317
0x999d1ce359692aebc26cd969a31d47d150128600,173003
0x0000000071e801062eb0544403f66176bba42dc0,172931
0xfaff15c6cdaca61a4f87d329689293e07c98f578,172498
0x4b5bc97407898339eca79b541cee9b8b79ccda40,172016
0x3301ee63fb29f863f2333bd4466acb46cd8323e6,171972
0xab4e1802c61e12fd7b10a69a226f5d727c76a8aa,171841
0xd56c90a1b12c93bb48e9a0904a2a1e1d9dcb5161,171823
0x70526cc7a6d6320b44122ea9d2d07670accc85a1,171725
0xff56cc6b1e6ded347aa0b7676c85ab0b3d08b0fa,171355
0xfe3e6a25e6b192a42a44ecddcd13796471735acf,170517
0x6de037ef9ad2725eb40118bb1702ebb27e4aeb24,170264
0xe53ec727dbdeb9e2d5456c3be40cff031ab40a55,170096
0xa39631972f19a8be52bd95455440d984f27e8f85,169825
0x49592d97be49033615a7fbc02c6853e4c58eb9bc,169637
0xe6cd4727a1058e6973e973986d0493f1e7975ef8,168808
0xd152f549545093347a162dce210e7293f1452150,168605
0x0aeee23d16084d763e7a65577020c1f3d18804f2,167935
0xaa7a9ca87d3694b5755f213b5d04094b8d0f0a6f,167895
0x0cf0ee63788a0849fe5297f3407f701e122cc023,167832
0x8e5660b4ab70168b5a6feea0e0315cb49c8cd539,167769
0x2b81f9668f4a5fdeba51b53a759de46fb59a5c91,167747
0xf0ee6b27b759c9893ce4f094b49ad28fd15a23e4,167482
0x1b6c5864375b34af3ff5bd2e5f40bc425b4a8d79,167454
0x69af81e73a73b40adf4f3d4223cd9b1ece623074,167072
0xa986266b60390e1d313ecd3b2311a9af74c57400,166970
0xe72752f55e69052ef40d989a843b9fa59e88b26b,166697
0xf9e5af7b42d31d51677c75bbbd37c1986ec79aee,166025
0xdc17e8a84fee8b52e4de7a85160f8cdbb3bb2494,166011
0x816051e2203ca534c4336d8d6df71987fa3ae0bd,165875
0xab8e74017a8cc7c15ffccd726603790d26d7deca,165786
0xb3dd5dce850dca7519e74a943568b69f958df52c,165697
0x4c34ae54dc716808e94af3d1d638b8ea3a23fa9b,165529
0x6c22dd71cde0af8a67e20db8c7f81d74daf48f7a,165192
0x3700006fbcde59a8b3af2c134d00e9530000e379,165123
0x00000000a50bb64b4bbeceb18715748dface08af,165006
0xf3db7560e820834658b590c96234c333cd3d5e5e,164302
0xcde3ef6cacf84ad36d8a6eccc964f25351296d36,164188
0x5732046a883704404f284ce41ffadd5b007fd668,164058
0xdefa4e8a7bcba345f687a2f1456f5edd9ce97202,163986
0x358d12436080a01a16f711014610f8a4c2c2d233,163820
0x6810e776880c02933d47db1b9fc05908e5386b96,163629
0x1f5cfb9a00b86bf9982970382bdb900b7744a559,163373
0xb485d89aba096fc9f117fa28b80dc8aac7971049,162979
0xab8ba3d221f571002b103277f3b783a72971cbb9,162954
0xd8698a985b89650d0a70f99ad2909bd0c0b4b51c,162919
0xeba290cf248cb14442a071fbcb58a9cc5dcde28e,162896
0x4b14f1aaa878ccf70d58aec682592dcd0fe025ba,162581
0xe8c060f8052e07423f71d445277c61ac5138a2e5,162215
0xd48b633045af65ff636f3c6edd744748351e020d,162120
0xfc4913214444af5c715cc9f7b52655e788a569ed,161928
0x88d50b466be55222019d71f9e8fae17f5f45fca1,161915
0x27054b13b1b798b345b591a4d22e6562d47ea75a,161897
0xb98d4c97425d9908e66e53a6fdf673acca0be986,161864
0x5b7934cdbb5cd076bd486e0f017aeb777bf0d04c,161848
0x2c702d98d4d7e2af742f071c2038565b1cc07bef,161699
0x2cc8342d7c8bff5a213eb2cde39de9a59b3461a7,161650
0x9a2d163ab40f88c625fd475e807bbc3556566f80,161369
0x167cb3f2446f829eb327344b66e271d1a7efec9a,161140
0xe4c89b9fcab29c5bee3971b698cca4528f2644e2,160951
0xa6a7d616dbbb6bf5343b37577aa5c319ef33e311,160874
0x2796317b0ff8538f253012862c06787adfb8ceb6,160623
0x24f21c22f0e641e2371f04a7bb8d713f89f53550,160600
0x6fb3e0a217407efff7ca062d46c26e5d60a14d69,160454
0x82070415fee803f94ce5617be1878503e58f0a6a,159806
0xd6cb6744b7f2da784c5afd6b023d957188522198,159786
0x00cdc153aa8894d08207719fe921fff964f28ba3,159760
0x5b7533812759b45c2b44c19e320ba2cd2681b542,159737
0x8400d94a5cb0fa0d041a3788e395285d61c9ee5e,159568
0x797dbfab26308010199f0b18c97c1c554dd119f9,159484
0x1dfe7ca09e99d10835bf73044a23b73fc20623df,159391
0xe251524df2bc0b83716749dc71975f173a5ef35c,159387
0xd54f502e184b6b739d7d27a6410a67dc462d69c8,159282
0x4e3fbd56cd56c3e72c1403e103b45db9da5b9d2b,158928
0x0c54f67490a1876ec8638ace22aad2d1ff9e245d,158545
0x5121e348e897daef1eef23959ab290e5557cf274,158484
0x1531b6e3d51bf80f634957df81a990b92da4b154,158415
0xf7920b0768ecb20a123fac32311d07d193381d6f,158350
0x317572aabc73d59fc55f923750d1c51680fd28b4,158288
0xe4b3dd9839ed1780351dc5412925cf05f07a1939,158162
0x902f09715b6303d4173037652fa7377e5b98089e,157761
0x92f0fb6a6ebcd7c32123288144c7b8c7fbf86021,157613
0x55652ce84d686177c8946e8c78078c0d6cfa4b30,157262
0xaa0bb10cec1fa372eb3abc17c933fc6ba863dd9e,157146
0x0b38210ea11411557c13457d4da7dc6ea731b88a,157048
0x7ae17a0f6f8f02b5b6e76b327db15f91306194e6,156900
0xe71377e968354013f85c597f2ed888f33778cc65,156717
0x604652c6a6e606669bdccde15519644b869a97a9,156480
0x81153f0889ab398c4acb42cb58b565a5392bba95,155673
0x04f2694c8fcee23e8fd0dfea1d4f5bb8c352111f,155544
0x2c8652acbaba3d398952bd291b0baf29ba6f0ae8,155535
0xea81ce54a0afa10a027f65503bd52fba83d745b8,155356
0x4945ce2d1b5bd904cac839b7fdabafd19cab982b,155264
0xcf881556a2fdd7d0b0eaea737c13aa691d952d07,155118
0x3d9819210a31b4961b30ef54be2aed79b9c9cd3b,155000
0xfca59cd816ab1ead66534d82bc21e7515ce441cf,154548
0x8798249c2e607446efb7ad49ec89dd1865ff4272,154525
0x9b6f69dff31d28bad4f5e269916c8b0762e8b7c8,154353
0x573aaaa81154cd24e96f0cb97fd86110b8f6767f,154327
0x54f0e3b0d7ccbb65e56d166350aa86f7e71ce20b,154269
0x75cda57917e9f73705dc8bcf8a6b2f99adbdc5a5,154247
0x7e9e431a0b8c4d532c745b1043c7fa29a48d4fba,154014
0x617dee16b86534a5d792a4d7a62fb491b544111e,153691
0x6c3be406174349cfa4501654313d97e6a31072e1,153199
0x8cfb1d4269f0daa003cdea567ac8f76c0647764a,153124
0x000000000025d4386f7fb58984cbe110aee3a4c4,153122
0x3dd98c8a089dbcff7e8fc8d4f532bd493501ab7f,152841
0xe25bcec5d3801ce3a794079bf94adf1b8ccd802d,152781
0x3401cab9bee49bcb76e13a8a09619e53d45c0af0,152766
0x8cde021f0bfa5f82610e8ce46493cf66ac04af53,152643
0x5cf04716ba20127f1e2297addcf4b5035000c9eb,152576
0xaf5191b0de278c7286d6c7cc6ab6bb8a73ba2cd6,152503
0x4ccc3759eb48faf1c6cfadad2619e7038db6b212,152033
0xa7d8d9ef8d8ce8992df33d8b8cf4aebabd5bd270,151880
0xdb044b8298e04d442fdbe5ce01b8cc8f77130e33,151481
0x0cfda67b0067f1a99deb1cb80e0273a3f26d317c,151138
0x888666ca69e0f178ded6d75b5726cee99a87d698,150397
0x47e312d99c09ce61a866c83cbbbbed5a4b9d33e7,150324
0x922105fad8153f516bcfb829f56dc097a0e1d705,150298
0xc4448b71118c9071bcb9734a0eac55d18a153949,150161
0x7ed172530f9822cd0573b895853e3f745f4108b4,149840
0x80a7e048f37a50500351c204cb407766fa3bae7f,149522
0xe474c6f011d3b0a9b63c2f85392c85f9bc4ef03f,149345
0x243bec9256c9a3469da22103891465b47583d9f1,149218
0x500a746c9a44f68fe6aa86a92e7b3af4f322ae66,149217
0xba51ff3802aa3170ce7ac7ac001831ca3eb6eeea,149171
0x0c073c92e7684031cfc297b83ecc33619e864d18,149068
0xba9d4199fab4f26efe3551d490e3821486f135ba,148884
0x4470bb87d77b963a013db939be332f927f2b992e,148843
0x0ff24158220a14398f047a80a513617ddc4f5289,148828
0x46b9ad944d1059450da1163511069c718f699d31,148580
0xa80f2c8f61c56546001f5fc2eb8d6e4e72c45d4c,148567
0xe99ddae9181957e91b457e4c79a1b577e55a5742,148536
0x6bba316c48b49bd1eac44573c5c871ff02958469,148450
0x4691937a7508860f876c9c0a2a617e7d9e945d4b,148429
0x1d4abd5e28ef311ea114fd4756fbcf9b7d568e1f,148311
0x40a7cb7052c274cc2e568c324b4c5d94383bec4f,148311
0xf5b0a3efb8e8e4c201e2a935f110eaaf3ffecb8d,148154
0xee4458e052b533b1aabd493b5f8c4d85d7b263dc,148021
0xd286af227b7b0695387e279b9956540818b1dc2a,147883
0x2e63b6d7ef8fc8a2ea4c96bb9a633423682f0f79,147565
0x32a3256a4b15badd4a6e072a03d23404d925a5cf,147382
0x6358a984302f5c7c261743423aca4b3ff575765b,147258
0xf08bdf21373a09ab7edd7769a402d3a22826d317,146984
0x72dd4b6bd852a3aa172be4d6c5a6dbec588cf131,146657
0xd2bd6415db70a0f0b26c973b15b63bac74f5c9c6,146473
0x4a2b76d5cb87bab48a14759649bb43ec8a35a628,146421
0x9a07fd8a116b7e3be9e6185861496af7a2041460,146409
0xd736915f7d9f70a0f1837f90aa7b437264c20dc0,146322
0x526af336d614ade5cc252a407062b8861af998f5,146193
0x4565300c576431e5228e8aa32642d5739cf9247d,146148
0x137ad9c4777e1d36e4b605e745e8f37b2b62e9c5,146049
0x926fc576b7facf6ae2d08ee2d4734c134a743988,146000
0x4bcba674eec03d47a24f607518eb59e400dd2acf,145788
0x9799b475dec92bd99bbdd943013325c36157f383,145642
0xea5ab833aff71bd7d280f0a0bc86423d1703288a,145519
0x49a8adec52a92727f72b5ca8440b0c4379d171dc,145423
0xba50933c268f567bdc86e1ac131be072c6b0b71a,145169
0xe3031c1bfaa7825813c562cbdcc69d96fcad2087,144958
0x69b148395ce0015c13e36bffbad63f49ef874e03,144860
0x77fba179c79de5b7653f68b5039af940ada60ce0,144734
0xfe5f141bf94fe84bc28ded0ab966c16b17490657,144447
0x6b71dcaa3fb9a4901491b748074a314dad9e980b,144393
0x722122df12d4e14e13ac3b6895a86e84145b6967,143954
0x0635709bae7a9a9f782360a4554378f4ea051368,143809
0x7a9d706b2a3b54f7cf3b5f2fcf94c5e2b3d7b24b,143663
0xd97d09f3bd931a14382ac60f156c1285a56bb51b,143476
0x26e75307fc0c021472feb8f727839531f112f317,143247
0xfd43d1da000558473822302e1d44d81da2e4cc0d,143143
0x1542e790a742333ea6a2f171c5d07a2e7794eef4,143120
0x64cfc7428621b2b118896670c0b4d52ab020ee6a,143062
0x8eca806aecc86ce90da803b080ca4e3a9b8097ad,142863
0xe65a88f487f5d26469cfd37ce7ef763d6d9be454,142636
0xedce883162179d4ed5eb9bb2e7dccf494d75b3a0,142604
0xf056f435ba0cc4fcd2f1b17e3766549ffc404b94,142523
0x8ab7404063ec4dbcfd4598215992dc3f8ec853d7,142473
0x458c1987ba7cb7cd101cea17c4dfc0244ed7bd37,142465
0xa68dd8cb83097765263adad881af6eed479c4a33,142382
0x61f33da40594cec1e3dc900faf99f861d01e2e7d,142360
0xa34d29cf8a06e8d05d22454cc33e5fbe7a3d3213,142305
0x2bf91c18cd4ae9c2f2858ef9fe518180f7b5096d,142039
0x1a95b271b0535d15fa49932daba31ba612b52946,141837
0x7ef35bb398e0416b81b019fea395219b65c52164,141809
0x70a72833d6bf7f508c8224ce59ea1ef3d0ea3a38,141716
0x516e5436bafdc11083654de7bb9b95382d08d5de,141365
0x9b4e2b4b13d125238aa0480dd42b4f6fc71b37cc,141324
0x25eaff5b179f209cf186b1cdcbfa463a69df4c45,140627
0x950c64993442f59e18083c3596e50ce604e65b9b,140560
0xf55041e37e12cd407ad00ce2910b8269b01263b9,140506
0x5f5b176553e51171826d1a62e540bc30422c7717,140410
0xcba8162778e6a3eba60e1cf7c012b327340bd05d,140395
0xb66dce2da6afaaa98f2013446dbcb0f4b0ab2842,140384
0x1a3496c18d558bd9c6c8f609e1b129f67ab08163,140238
0x7a8f99fcaffb3d94f07ad30feade85e556205599,140005
0x3714e5671be406fc1920351984f4429237831477,139682
0xd89350284c7732163765b23338f2ff27449e0bf5,139654
0x13552c7cc9ce39af665955412faa08f0e6555a29,139202
0x228ba514309ffdf03a81a205a6d040e429d6e80c,138977
0x286bda1413a2df81731d4930ce2f862a35a609fe,138963
0x9123077acafb3d743c68418304b2a11566cc1175,138925
0x5a98fcbea516cf06857215779fd812ca3bef1b32,138920
0xb8db34f834e9df42f2002ceb7b829dad89d08e14,138900
0x3432b6a60d23ca0dfca7761b7ab56459d9c964d0,138679
0x4675c7e5baafbffbca748158becba61ef3b0a263,138560
0x6c5ba91642f10282b576d91922ae6448c9d52f4e,138495
0x508f8825dd9d993c6d69cb257c902a2f5b877705,138417
0x39bb259f66e1c59d5abef88375979b4d20d98022,138411
0x9539e0b14021a43cde41d9d45dc34969be9c7cb0,138216
0x29d5527caa78f1946a409fa6acaf14a0a4a0274b,138021
0xd6a062cae6123c158768a5c444ca0896cc60d6b1,137918
0x4ceda7906a5ed2179785cd3a40a69ee8bc99c466,137881
0x9eec65e5b998db6845321baa915ec3338b1a469b,137711
0x491604c0fdf08347dd1fa4ee062a822a5dd06b5d,137581
0x6571d6be3d8460cf5f7d6711cd9961860029d85f,137552
0xb70835d7822ebb9426b56543e391846c107bd32c,137441
0x9e0b9ddba97dd4f7addab0b5f67036eebe687606,137421
0x8dd5fbce2f6a956c3022ba3663759011dd51e73e,137349
0x53066cddbc0099eb6c96785d9b3df2aaeede5da3,137329
0xbab165df9455aa0f2aed1f2565520b91ddadb4c8,137195
0x177d39ac676ed1c67a2b268ad7f1e58826e5b0af,136986
0x1f57f826caf594f7a837d9fc092456870a289365,136904
0xed04915c23f00a313a544955524eb7dbd823143d,136872
0xe0b7927c4af23765cb51314a0e0521a9645f0e2a,136868
0x1c83501478f1320977047008496dacbd60bb15ef,136597
0x84d99aa569d93a9ca187d83734c8c4a519c4e9b1,136507
0x255aa6df07540cb5d3d297f0d0d4d84cb52bc8e6,136446
0x7492e30d60d96c58ed0f0dc2fe536098c620c4c0,136434
0x10fd90d8f1543fff6b8056bcf40dfb39231781c4,136116
0x4c9d5672ae33522240532206ab45508116daf263,135979
0x2eb86e8fc520e0f6bb5d9af08f924fe70558ab89,135899
0x0eae044f00b0af300500f090ea00027097d03000,135854
0xb440dd674e1243644791a4adfe3a2abb0a92d309,135451
0x389999216860ab8e0175387a0c90e5c52522c945,135397
0xa342f5d851e866e18ff98f351f2c6637f4478db5,134929
0x32776933663b27ebcda98b07c4958ec74c0bafb1,134667
0xd3ff3377b0ceade1303daf9db04068ef8a650757,134309
0xf76c5b19e86c256482f4aad1dae620a0c3ac0cd6,134126
0x7ddf4ed06fe5ecc646fad19d257cd3f05a884d70,133702
0x1a4b46696b2bb4794eb3d4c26f1c55f9170fa4c5,133690
0x6f48a3e70f0251d1e83a989e62aaa2281a6d5380,133654
0xd6df5935cd03a768b7b9e92637a01b25e24cb709,133630
0xacbcf1beab7353b1b3a0d67a7424824460801b49,133618
0x0000000000004946c0e9f43f4dee607b0ef1fa1c,133379
0xb7ac09c2c0217b07d7c103029b4918a2c401eecb,133292
0x4cf488387f035ff08c371515562cba712f9015d4,133213
0xe3818504c1b32bf1557b16c238b2e01fd3149c17,133203
0xd515cfbe2c848bc9daa5460dae52425bff54e4c0,133193
0x6ea53dfc58c5cbf68a799edd208cb3a905db5939,133180
0xde14e7548a46bbbf1f3f50e98a04e58c0efc60eb,133172
0x5937512b02555967a01d78b0994f53168a985ac4,133115
0x8df6084e3b84a65ab9dd2325b5422e5debd8944a,133090
0x64baf35b4e74d3cfa332b05b811fd86ef8b0aa57,132990
0xaaf592245ee1f5c2f00cd71f5f1d90eb390a096a,132882
0x572328202d37b031b490f6659d8549e7bd712324,132777
0xd13c7342e1ef687c5ad21b27c2b65d772cab5c8c,132750
0xb3f636cae9e8ad9795d14d3bdda3e382dba47c73,132724
0x88d34944cf554e9cccf4a24292d891f620e9c94f,132692
0x9f89388141c632c4c6f36d1060d5f50604ee3abc,132557
0xbe428c3867f05dea2a89fc76a102b544eac7f772,132522
0x1db92e2eebc8e0c075a02bea49a2935bcd2dfcf4,132467
0xf0b83f6677959a6c517444cd9a498dd75c98defc,132462
0xf9b6541b14f586459acdc6aec15dc2e12b8db09f,132401
0x558ec3152e2eb2174905cd19aea4e34a23de9ad6,132371
0xcfcf469b76113c5e7218f8275eaf10a881ac106d,132362
0x1bd435f3c054b6e901b7b108a0ab7617c808677b,132121
0x1e4ede388cbc9f4b5c79681b7f94d36a11abebc9,132028
0x249e38ea4102d0cf8264d3701f1a0e39c4f2dc3b,131924
0x1bf68a9d1eaee7826b3593c20a0ca93293cb489a,131698
0x3893b9422cd5d70a81edeffe3d5a1c6a978310bb,131448
0x4c6f947ae67f572afa4ae0730947de7c874f95ef,131369
0xbbc2ae13b23d715c30720f079fcd9b4a74093505,131313
0xf7686cf0d88b3c1b474ec76735b4e94a0c3a28f3,131289
0xedc502b12ced7e16ce21749e7161f9ed22bfca53,130746
0x80e9540c204c05be63cfe44b43302780175b60ff,130645
0xf3db5fa2c66b7af3eb0c0b782510816cbe4813b8,130597
0x8a3960472b3d63894b68df3f10f58f11828d6fd9,130596
0x2ab05b915c30093679165bcdba9c26d8cd8bee99,130524
0x0fd10b9899882a6f2fcb5c371e17e70fdee00c38,130348
0xa57a2ad52ad6b1995f215b12fc037bffd990bc5e,130317
0x352e504813b9e0b30f9ca70efc27a52d298f6697,130309
0xf6b83ccadeee478fc372af6ca7069b14fbc5e1b1,130205
0xc30141b657f4216252dc59af2e7cdb9d8792e1b0,130193
0x00a8b738e453ffd858a7edf03bccfe20412f0eb0,130084
0xeb5d3a91b5e721fa251e03bda2c9578e90f30f84,129678
0x60e4d786628fea6478f785a6d7e704777c86a7c6,129528
0x8f136cc8bef1fea4a7b71aa2301ff1a52f084384,129379